/*
 Navicat Premium Data Transfer

 Source Server         : 个人
 Source Server Type    : MySQL
 Source Server Version : 80033
 Source Host           : bt.weihuazhou.top:3306
 Source Schema         : wonder

 Target Server Type    : MySQL
 Target Server Version : 80033
 File Encoding         : 65001

 Date: 04/08/2023 11:37:30
*/

SET NAMES utf8mb4;
SET FOREIGN_KEY_CHECKS = 0;

-- ----------------------------
-- Table structure for base_table
-- ----------------------------
DROP TABLE IF EXISTS `base_table`;
CREATE TABLE `base_table`  (
  `id` bigint NOT NULL,
  `create_time` datetime NULL DEFAULT NULL COMMENT '创建时间',
  `create_by` bigint NULL DEFAULT NULL COMMENT '创建人',
  `update_time` datetime NULL DEFAULT NULL COMMENT '更新时间',
  `update_by` bigint NULL DEFAULT NULL COMMENT '更新人',
  `deleted` bit(1) NULL DEFAULT NULL COMMENT '已删除',
  PRIMARY KEY (`id`) USING BTREE
) ENGINE = InnoDB CHARACTER SET = utf8mb3 COLLATE = utf8mb3_general_ci COMMENT = '用户表' ROW_FORMAT = DYNAMIC;

-- ----------------------------
-- Records of base_table
-- ----------------------------

-- ----------------------------
-- Table structure for ex_order
-- ----------------------------
DROP TABLE IF EXISTS `ex_order`;
CREATE TABLE `ex_order`  (
  `id` bigint NOT NULL,
  `receiver_name` varchar(20) CHARACTER SET utf8mb3 COLLATE utf8mb3_general_ci NULL DEFAULT NULL COMMENT '收货人姓名',
  `receiver_phone` varchar(20) CHARACTER SET utf8mb3 COLLATE utf8mb3_general_ci NULL DEFAULT NULL COMMENT '收货人电话',
  `receiver_address` varchar(255) CHARACTER SET utf8mb3 COLLATE utf8mb3_general_ci NULL DEFAULT NULL COMMENT '收货地址',
  `order_amount` decimal(10, 2) NULL DEFAULT NULL COMMENT '订单金额-元',
  `order_status` tinyint NULL DEFAULT NULL COMMENT '0-待付款，1-已取消，2-已付款，3-已完成',
  `create_time` datetime NULL DEFAULT NULL COMMENT '创建时间',
  `create_by` bigint NULL DEFAULT NULL COMMENT '创建人',
  `update_time` datetime NULL DEFAULT NULL COMMENT '更新时间',
  `update_by` bigint NULL DEFAULT NULL COMMENT '更新人',
  `deleted` bit(1) NULL DEFAULT NULL COMMENT '已删除',
  PRIMARY KEY (`id`) USING BTREE
) ENGINE = InnoDB CHARACTER SET = utf8mb3 COLLATE = utf8mb3_general_ci COMMENT = '示例-订单表' ROW_FORMAT = DYNAMIC;

-- ----------------------------
-- Records of ex_order
-- ----------------------------
INSERT INTO `ex_order` VALUES (1687283866440257538, '王五', '13500000000', '钦州市钦南区', 100.00, 0, '2023-08-04 10:06:37', 1658729760682242049, '2023-08-04 10:06:37', 1658729760682242049, b'0');
INSERT INTO `ex_order` VALUES (1687283976444268545, '老六', '13511111111', '钦州市钦南区', 50.00, 0, '2023-08-04 10:07:03', 1658729760682242049, '2023-08-04 10:07:03', 1658729760682242049, b'0');
INSERT INTO `ex_order` VALUES (1687284162306461698, '炮灰甲', '13522222222', '钦州市钦北区', 888.00, 1, '2023-08-04 10:07:47', 1658729760682242049, '2023-08-04 10:07:47', 1658729760682242049, b'0');
INSERT INTO `ex_order` VALUES (1687284289469370370, '路人甲', '13566666666', '钦州市钦北区', 520.16, 2, '2023-08-04 10:08:17', 1658729760682242049, '2023-08-04 10:08:17', 1658729760682242049, b'0');
INSERT INTO `ex_order` VALUES (1687286614061707265, '李回归', '13578954567', '南宁市江南区', 200.45, 3, '2023-08-04 10:17:32', 1658729760682242049, '2023-08-04 10:17:32', 1658729760682242049, b'0');
INSERT INTO `ex_order` VALUES (1687286788376981505, '赵辉', '13547595616', '南宁市西乡塘区', 78.99, 3, '2023-08-04 10:18:13', 1658729760682242049, '2023-08-04 10:18:13', 1658729760682242049, b'0');

-- ----------------------------
-- Table structure for sys_data_scope
-- ----------------------------
DROP TABLE IF EXISTS `sys_data_scope`;
CREATE TABLE `sys_data_scope`  (
  `id` bigint NOT NULL,
  `remark` varchar(255) CHARACTER SET utf8mb3 COLLATE utf8mb3_general_ci NULL DEFAULT NULL COMMENT '备注',
  `enabled` bit(1) NULL DEFAULT NULL,
  `scope_name` varchar(255) CHARACTER SET utf8mb3 COLLATE utf8mb3_general_ci NULL DEFAULT NULL,
  `table_alias` varchar(255) CHARACTER SET utf8mb3 COLLATE utf8mb3_general_ci NULL DEFAULT NULL COMMENT '表别名',
  `column_name` varchar(255) CHARACTER SET utf8mb3 COLLATE utf8mb3_general_ci NULL DEFAULT NULL COMMENT '数据库字段名',
  `splice_type` varchar(255) CHARACTER SET utf8mb3 COLLATE utf8mb3_general_ci NULL DEFAULT NULL COMMENT '拼接类型 SpliceTypeEnum',
  `expression` varchar(255) CHARACTER SET utf8mb3 COLLATE utf8mb3_general_ci NULL DEFAULT NULL COMMENT '表达式 ExpressionEnum',
  `provide_type` tinyint NULL DEFAULT NULL COMMENT 'ProvideTypeEnum 值提供类型，1-值，2-方法',
  `value1` varchar(255) CHARACTER SET utf8mb3 COLLATE utf8mb3_general_ci NULL DEFAULT NULL COMMENT '值1',
  `value2` varchar(255) CHARACTER SET utf8mb3 COLLATE utf8mb3_general_ci NULL DEFAULT NULL COMMENT '值2',
  `class_name` varchar(255) CHARACTER SET utf8mb3 COLLATE utf8mb3_general_ci NULL DEFAULT NULL COMMENT '全限定类名',
  `method_name` varchar(255) CHARACTER SET utf8mb3 COLLATE utf8mb3_general_ci NULL DEFAULT NULL COMMENT '方法名',
  `formal_param` varchar(255) CHARACTER SET utf8mb3 COLLATE utf8mb3_general_ci NULL DEFAULT NULL COMMENT '形参，分号隔开',
  `actual_param` varchar(255) CHARACTER SET utf8mb3 COLLATE utf8mb3_general_ci NULL DEFAULT NULL COMMENT '实参，分号隔开',
  `create_time` datetime NULL DEFAULT NULL COMMENT '创建时间',
  `create_by` bigint NULL DEFAULT NULL COMMENT '创建人',
  `update_time` datetime NULL DEFAULT NULL COMMENT '更新时间',
  `update_by` bigint NULL DEFAULT NULL COMMENT '更新人',
  `deleted` bit(1) NULL DEFAULT NULL COMMENT '已删除',
  PRIMARY KEY (`id`) USING BTREE,
  UNIQUE INDEX `index_scope_name`(`scope_name` ASC) USING BTREE
) ENGINE = InnoDB CHARACTER SET = utf8mb3 COLLATE = utf8mb3_general_ci COMMENT = '用户表' ROW_FORMAT = DYNAMIC;

-- ----------------------------
-- Records of sys_data_scope
-- ----------------------------
INSERT INTO `sys_data_scope` VALUES (1677667851445518440, '无参测试', b'1', 'sn1', NULL, 'enabled', 'OR', 'IN', 2, NULL, NULL, 'com.gitee.whzzone.admin.controller.A', 'getIds', NULL, NULL, NULL, NULL, NULL, NULL, b'0');
INSERT INTO `sys_data_scope` VALUES (1677667851445518441, '查看创建人是当前登录用户的数据', b'0', 'sn2', NULL, 'create_by', 'AND', 'IN', 2, '', NULL, 'com.gitee.whzzone.admin.util.SecurityUtil', 'loginUserId', NULL, NULL, NULL, NULL, '2023-07-15 17:53:42', 1658729760682242049, b'0');
INSERT INTO `sys_data_scope` VALUES (1677667851445518442, '带参注入测试', b'1', 'sn3', NULL, 'create_by', 'AND', 'IN', 2, NULL, NULL, 'com.gitee.whzzone.admin.controller.A', 'getByName', 'java.lang.String;java.lang.Integer', 'hello world;18', NULL, NULL, NULL, NULL, b'0');
INSERT INTO `sys_data_scope` VALUES (1677667851445518443, '查看父级id为0的数据', b'1', 'sn5', NULL, 'parent_id', 'AND', 'EQ', 1, '0', NULL, NULL, NULL, NULL, NULL, NULL, NULL, NULL, NULL, b'0');
INSERT INTO `sys_data_scope` VALUES (1677667851445518444, '查看编码不是work的角色', b'1', 'sn4', NULL, 'code', 'AND', 'NE', 1, 'worker', NULL, NULL, NULL, NULL, NULL, NULL, NULL, NULL, NULL, b'0');

-- ----------------------------
-- Table structure for sys_dept
-- ----------------------------
DROP TABLE IF EXISTS `sys_dept`;
CREATE TABLE `sys_dept`  (
  `id` bigint NOT NULL,
  `parent_id` bigint NULL DEFAULT 0,
  `name` varchar(50) CHARACTER SET utf8mb3 COLLATE utf8mb3_general_ci NULL DEFAULT NULL,
  `enabled` bit(1) NULL DEFAULT b'1',
  `sort` int NULL DEFAULT NULL,
  `create_time` datetime NULL DEFAULT NULL,
  `create_by` bigint NULL DEFAULT NULL,
  `update_time` datetime NULL DEFAULT NULL,
  `update_by` bigint NULL DEFAULT NULL,
  `deleted` bit(1) NULL DEFAULT NULL,
  PRIMARY KEY (`id`) USING BTREE
) ENGINE = InnoDB CHARACTER SET = utf8mb3 COLLATE = utf8mb3_general_ci COMMENT = '用户表' ROW_FORMAT = DYNAMIC;

-- ----------------------------
-- Records of sys_dept
-- ----------------------------
INSERT INTO `sys_dept` VALUES (1658729760682242049, 0, '默认部门', b'1', 1, '2023-05-17 15:02:47', 1658729760682242049, '2023-05-17 15:02:47', 1658729760682242049, b'0');
INSERT INTO `sys_dept` VALUES (1658842909723631617, 0, '研发部', b'1', 2, '2023-05-17 22:32:24', 1658729760682242049, '2023-05-17 22:32:24', 1658729760682242049, b'0');
INSERT INTO `sys_dept` VALUES (1658844394368802817, 0, '运维部', b'1', 3, '2023-05-17 22:38:18', 1658729760682242049, '2023-07-09 15:45:00', 1658729760682242049, b'0');
INSERT INTO `sys_dept` VALUES (1677667851445518337, 1658729760682242049, '测试部门1-1', b'0', 1, '2023-07-08 21:16:00', 1658729760682242049, '2023-07-08 21:16:00', 1658729760682242049, b'0');
INSERT INTO `sys_dept` VALUES (1677667851445518338, 1658729760682242049, '测试部门1-2', b'1', 1, NULL, 1658729760682242049, '2023-07-09 15:12:37', 1658729760682242049, b'0');
INSERT INTO `sys_dept` VALUES (1677667851445518339, 1658842909723631617, '测试部门2-1', b'1', 3, NULL, 1658729760682242049, '2023-07-09 15:20:32', 1658729760682242049, b'0');
INSERT INTO `sys_dept` VALUES (1679107364561928193, 0, '硬件部', b'1', 4, '2023-07-12 20:36:07', 1658729760682242049, '2023-07-12 20:36:07', 1658729760682242049, b'0');

-- ----------------------------
-- Table structure for sys_dict
-- ----------------------------
DROP TABLE IF EXISTS `sys_dict`;
CREATE TABLE `sys_dict`  (
  `id` int NOT NULL AUTO_INCREMENT,
  `dict_name` varchar(255) CHARACTER SET utf8mb3 COLLATE utf8mb3_general_ci NULL DEFAULT NULL COMMENT '字典名称',
  `dict_type` varchar(255) CHARACTER SET utf8mb3 COLLATE utf8mb3_general_ci NULL DEFAULT NULL COMMENT '字典类型',
  `is_disabled` int NULL DEFAULT 0 COMMENT '是否禁用，0-否，1-是',
  `sort` int NULL DEFAULT 999 COMMENT '排序',
  `remark` varchar(255) CHARACTER SET utf8mb3 COLLATE utf8mb3_general_ci NULL DEFAULT NULL COMMENT '备注',
  `operator` int NULL DEFAULT NULL,
  `create_time` datetime NULL DEFAULT NULL,
  `update_time` datetime NULL DEFAULT NULL,
  `del` bit(1) NULL DEFAULT b'0',
  PRIMARY KEY (`id`) USING BTREE
) ENGINE = InnoDB AUTO_INCREMENT = 5 CHARACTER SET = utf8mb3 COLLATE = utf8mb3_general_ci COMMENT = '角色权限表' ROW_FORMAT = DYNAMIC;

-- ----------------------------
-- Records of sys_dict
-- ----------------------------

-- ----------------------------
-- Table structure for sys_dict_data
-- ----------------------------
DROP TABLE IF EXISTS `sys_dict_data`;
CREATE TABLE `sys_dict_data`  (
  `id` int NOT NULL AUTO_INCREMENT,
  `dict_id` int NOT NULL COMMENT '字典id-dict_id',
  `sort` int NULL DEFAULT 999 COMMENT '排序',
  `dict_label` varchar(255) CHARACTER SET utf8mb3 COLLATE utf8mb3_general_ci NULL DEFAULT NULL COMMENT '字典标签',
  `dict_value` varchar(255) CHARACTER SET utf8mb3 COLLATE utf8mb3_general_ci NULL DEFAULT NULL COMMENT '字典值',
  `remark` varchar(255) CHARACTER SET utf8mb3 COLLATE utf8mb3_general_ci NULL DEFAULT NULL COMMENT '备注',
  `is_default` int NULL DEFAULT 0 COMMENT '是否默认，0-否，1-是',
  `is_disabled` int NOT NULL DEFAULT 0 COMMENT '是否禁用，0-否，1-是',
  `operator` int NULL DEFAULT NULL,
  `create_time` datetime NULL DEFAULT NULL,
  `update_time` datetime NULL DEFAULT NULL,
  `del` bit(1) NULL DEFAULT b'0',
  PRIMARY KEY (`id`) USING BTREE
) ENGINE = InnoDB AUTO_INCREMENT = 8 CHARACTER SET = utf8mb3 COLLATE = utf8mb3_general_ci COMMENT = '角色权限表' ROW_FORMAT = DYNAMIC;

-- ----------------------------
-- Records of sys_dict_data
-- ----------------------------

-- ----------------------------
-- Table structure for sys_mark
-- ----------------------------
DROP TABLE IF EXISTS `sys_mark`;
CREATE TABLE `sys_mark`  (
  `id` bigint NOT NULL,
  `name` varchar(255) CHARACTER SET utf8mb3 COLLATE utf8mb3_general_ci NULL DEFAULT NULL,
  `remark` varchar(255) CHARACTER SET utf8mb3 COLLATE utf8mb3_general_ci NULL DEFAULT NULL COMMENT '备注',
  `enabled` bit(1) NULL DEFAULT NULL,
  `sort` int NULL DEFAULT NULL,
  `create_time` datetime NULL DEFAULT NULL,
  `create_by` bigint NULL DEFAULT NULL,
  `update_time` datetime NULL DEFAULT NULL,
  `update_by` bigint NULL DEFAULT NULL,
  `deleted` bit(1) NULL DEFAULT NULL,
  PRIMARY KEY (`id`) USING BTREE,
  UNIQUE INDEX `index_scope_name`(`name` ASC) USING BTREE
) ENGINE = InnoDB CHARACTER SET = utf8mb3 COLLATE = utf8mb3_general_ci COMMENT = '用户表' ROW_FORMAT = DYNAMIC;

-- ----------------------------
-- Records of sys_mark
-- ----------------------------
INSERT INTO `sys_mark` VALUES (1677667851445518440, 'sn1', '无参测试', b'1', 2, NULL, NULL, '2023-07-16 09:11:09', 1658729760682242049, b'0');
INSERT INTO `sys_mark` VALUES (1677667851445518441, 'sn2', '查看创建人是当前登录用户的数据', b'0', 3, NULL, NULL, '2023-07-15 17:53:42', 1658729760682242049, b'0');
INSERT INTO `sys_mark` VALUES (1677667851445518442, 'sn3', '带参注入测试', b'1', 4, NULL, NULL, '2023-07-15 17:53:42', NULL, b'0');
INSERT INTO `sys_mark` VALUES (1677667851445518443, 'sn5', '查看父级id为0的数据', b'1', 5, NULL, NULL, '2023-07-15 17:53:42', NULL, b'0');
INSERT INTO `sys_mark` VALUES (1677667851445518444, 'role-page', '角色分页接口', b'1', 1, NULL, NULL, '2023-07-15 17:53:42', 1658729760682242049, b'0');
INSERT INTO `sys_mark` VALUES (1687284686216982529, 'order-list', '订单列表接口', NULL, NULL, '2023-08-04 10:09:52', 1658729760682242049, '2023-08-04 10:09:52', 1658729760682242049, b'0');

-- ----------------------------
-- Table structure for sys_menu
-- ----------------------------
DROP TABLE IF EXISTS `sys_menu`;
CREATE TABLE `sys_menu`  (
  `id` bigint NOT NULL,
  `parent_id` bigint NULL DEFAULT NULL COMMENT '父权限',
  `name` varchar(64) CHARACTER SET utf8mb3 COLLATE utf8mb3_general_ci NULL DEFAULT NULL COMMENT '权限名称',
  `icon` varchar(255) CHARACTER SET utf8mb3 COLLATE utf8mb3_general_ci NULL DEFAULT NULL COMMENT '图标',
  `sort` int NULL DEFAULT 999 COMMENT '排序',
  `route_name` varchar(255) CHARACTER SET utf8mb3 COLLATE utf8mb3_general_ci NULL DEFAULT NULL COMMENT '路由名称',
  `path` varchar(255) CHARACTER SET utf8mb3 COLLATE utf8mb3_general_ci NULL DEFAULT NULL COMMENT '路由路径',
  `enabled` bit(1) NULL DEFAULT b'1' COMMENT '是否禁用',
  `component` varchar(255) CHARACTER SET utf8mb3 COLLATE utf8mb3_general_ci NULL DEFAULT NULL COMMENT '组件路径',
  `permission` varchar(255) CHARACTER SET utf8mb3 COLLATE utf8mb3_general_ci NULL DEFAULT NULL COMMENT '权限字符',
  `menu_type` tinyint NULL DEFAULT NULL COMMENT '菜单类型，1-目录，2-菜单，3-按钮',
  `in_frame` bit(1) NULL DEFAULT NULL COMMENT '是否在框架中打开新页面',
  `is_url` bit(1) NULL DEFAULT NULL COMMENT '是否url链接',
  `keep_alive` bit(1) NULL DEFAULT NULL COMMENT '是否缓存',
  `description` varchar(200) CHARACTER SET utf8mb3 COLLATE utf8mb3_general_ci NULL DEFAULT NULL COMMENT '备注',
  `create_time` datetime NULL DEFAULT NULL COMMENT '创建时间',
  `create_by` bigint NULL DEFAULT NULL COMMENT '创建人',
  `update_time` datetime NULL DEFAULT NULL COMMENT '更新时间',
  `update_by` bigint NULL DEFAULT NULL COMMENT '更新人',
  `deleted` bit(1) NULL DEFAULT NULL COMMENT '已删除',
  PRIMARY KEY (`id`) USING BTREE
) ENGINE = InnoDB CHARACTER SET = utf8mb3 COLLATE = utf8mb3_general_ci COMMENT = '权限表' ROW_FORMAT = DYNAMIC;

-- ----------------------------
-- Records of sys_menu
-- ----------------------------
INSERT INTO `sys_menu` VALUES (1658729760682242047, 0, '首页', 'el-icon-s-home', 1, NULL, '/home', b'1', 'home/index', 'sys:index:index', 2, b'1', b'0', b'1', NULL, '2023-05-23 09:13:59', NULL, '2023-07-11 20:31:56', 1658729760682242049, b'0');
INSERT INTO `sys_menu` VALUES (1660815857409163265, 0, '系统管理', 'el-icon-s-tools', 2, NULL, '', b'1', '', '', 1, NULL, NULL, NULL, '', '2023-05-23 09:12:12', 1658729760682242049, '2023-05-23 09:12:12', 1658729760682242049, b'0');
INSERT INTO `sys_menu` VALUES (1660816306296160258, 1660815857409163265, '用户管理', 'el-icon-user-solid', 1, NULL, '/system/user', b'1', 'system/user/index', 'sys:user:view', 2, b'1', b'0', b'1', '', '2023-05-23 09:12:12', 1658729760682242049, '2023-05-23 09:13:59', 1658729760682242049, b'0');
INSERT INTO `sys_menu` VALUES (1660816306296160259, 1660816306296160258, '查看用户', NULL, 1, NULL, NULL, b'1', NULL, '', 3, NULL, NULL, NULL, NULL, '2023-05-23 09:12:12', 1658729760682242049, '2023-07-31 09:37:40', 1658729760682242049, b'1');
INSERT INTO `sys_menu` VALUES (1660816306296160260, 1660816306296160258, '新增用户', NULL, 999, NULL, NULL, b'1', NULL, 'sys:user:add', 3, NULL, NULL, NULL, NULL, '2023-05-23 09:12:12', 1658729760682242049, '2023-05-23 09:13:59', 1658729760682242049, b'0');
INSERT INTO `sys_menu` VALUES (1660816306296160261, 1660816306296160258, '编辑用户', NULL, 999, NULL, NULL, b'1', NULL, 'sys:user:edit', 3, NULL, NULL, NULL, NULL, '2023-05-23 09:12:12', 1658729760682242049, '2023-05-23 09:13:59', 1658729760682242049, b'0');
INSERT INTO `sys_menu` VALUES (1660816306296160262, 1660816306296160258, '删除用户', NULL, 999, NULL, NULL, b'1', NULL, 'sys:user:del', 3, NULL, NULL, NULL, NULL, '2023-05-23 09:12:12', 1658729760682242049, '2023-05-23 09:13:59', 1658729760682242049, b'0');
INSERT INTO `sys_menu` VALUES (1660816306296160263, 1660815857409163265, '角色管理', 'el-icon-s-platform', 2, NULL, '/system/role', b'1', 'system/role/index', 'sys:role:view', 2, b'1', b'0', b'1', NULL, '2023-05-23 09:12:12', 1658729760682242049, '2023-05-23 09:13:59', 1658729760682242049, b'0');
INSERT INTO `sys_menu` VALUES (1660816306296160264, 1660816306296160263, '查看角色', NULL, 999, NULL, NULL, b'1', NULL, 'sys:role:view', 3, NULL, NULL, NULL, NULL, '2023-05-23 09:12:12', 1658729760682242049, '2023-07-31 09:38:16', 1658729760682242049, b'1');
INSERT INTO `sys_menu` VALUES (1660816306296160265, 1660816306296160263, '编辑角色', NULL, 999, NULL, NULL, b'1', NULL, 'sys:role:edit', 3, NULL, NULL, NULL, NULL, '2023-05-23 09:12:12', 1658729760682242049, '2023-05-23 09:13:59', 1658729760682242049, b'0');
INSERT INTO `sys_menu` VALUES (1660816306296160266, 1660816306296160263, '新增角色', NULL, 999, NULL, NULL, b'1', NULL, 'sys:role:add', 3, NULL, NULL, NULL, NULL, '2023-05-23 09:12:12', 1658729760682242049, '2023-05-23 09:13:59', 1658729760682242049, b'0');
INSERT INTO `sys_menu` VALUES (1660816306296160267, 1660816306296160263, '删除角色', NULL, 999, NULL, NULL, b'1', NULL, 'sys:role:del', 3, NULL, NULL, NULL, NULL, '2023-05-23 09:12:12', 1658729760682242049, '2023-05-23 09:13:59', 1658729760682242049, b'0');
INSERT INTO `sys_menu` VALUES (1660816306296160268, 1660815857409163265, '菜单管理', 'el-icon-menu', 3, NULL, '/system/menu', b'1', 'system/menu/index', 'sys:menu:view', 2, b'1', b'0', b'1', NULL, '2023-05-23 09:12:12', 1658729760682242049, '2023-05-23 09:13:59', 1658729760682242049, b'0');
INSERT INTO `sys_menu` VALUES (1660816306296160269, 1660816306296160268, '新增菜单', NULL, 999, NULL, NULL, b'1', NULL, 'sys:menu:add', 3, NULL, NULL, NULL, NULL, '2023-05-23 09:12:12', 1658729760682242049, '2023-05-23 09:13:59', 1658729760682242049, b'0');
INSERT INTO `sys_menu` VALUES (1660816306296160270, 1660815857409163265, '部门管理', 'el-icon-info', 4, NULL, '/system/dept', b'1', 'system/dept/index', 'sys:dept:view', 2, b'1', b'0', b'1', NULL, '2023-05-23 09:12:12', NULL, '2023-07-31 09:39:47', 1658729760682242049, b'0');
INSERT INTO `sys_menu` VALUES (1678751018675167233, 1658729760682242047, '测试按钮1', NULL, 2, NULL, NULL, b'1', NULL, 'test:1', 3, NULL, NULL, NULL, NULL, '2023-07-11 21:00:07', 1658729760682242049, '2023-07-12 15:17:51', 1658729760682242049, b'1');
INSERT INTO `sys_menu` VALUES (1679086780364922881, 1660816306296160258, '重置用户密码', NULL, 5, NULL, NULL, b'1', NULL, 'sys:user:resetPWD', 3, NULL, NULL, NULL, NULL, '2023-07-12 19:14:19', 1658729760682242049, '2023-07-12 19:14:19', 1658729760682242049, b'0');
INSERT INTO `sys_menu` VALUES (1679086780364922882, 1660815857409163265, '标记管理', 'el-icon-s-flag', 5, NULL, '/system/mark', b'1', 'system/mark/index', 'sys:mark:view', 2, b'1', b'0', b'1', NULL, '2023-05-23 09:12:12', NULL, '2023-07-31 09:40:09', 1658729760682242049, b'0');
INSERT INTO `sys_menu` VALUES (1686356560007864321, 1679086780364922882, '规则管理', NULL, 3, 'rule-index2', '/system/rule', b'1', 'system/rule/index', 'sys:mark:rule-mange', 3, b'1', NULL, NULL, NULL, '2023-08-01 20:41:50', 1658729760682242049, '2023-08-01 20:41:50', 1658729760682242049, b'0');
INSERT INTO `sys_menu` VALUES (1686556192331751425, 0, '百度', 'el-icon-s-promotion', 999, NULL, 'https://www.baidu.com', b'1', NULL, NULL, 2, b'0', b'1', NULL, NULL, '2023-08-02 09:55:06', 1658729760682242049, '2023-08-02 09:55:06', 1658729760682242049, b'0');

-- ----------------------------
-- Table structure for sys_role
-- ----------------------------
DROP TABLE IF EXISTS `sys_role`;
CREATE TABLE `sys_role`  (
  `id` bigint NOT NULL,
  `parent_id` bigint NULL DEFAULT NULL COMMENT '父角色',
  `name` varchar(64) CHARACTER SET utf8mb3 COLLATE utf8mb3_general_ci NULL DEFAULT NULL COMMENT '角色名称',
  `code` varchar(64) CHARACTER SET utf8mb3 COLLATE utf8mb3_general_ci NULL DEFAULT NULL COMMENT '角色编码',
  `enabled` bit(1) NULL DEFAULT b'1' COMMENT '是否禁用',
  `description` varchar(200) CHARACTER SET utf8mb3 COLLATE utf8mb3_general_ci NULL DEFAULT NULL COMMENT '备注',
  `create_time` datetime NULL DEFAULT NULL,
  `create_by` bigint NULL DEFAULT NULL,
  `update_time` datetime NULL DEFAULT NULL,
  `update_by` bigint NULL DEFAULT NULL,
  `deleted` bit(1) NULL DEFAULT NULL COMMENT '是否已删除',
  PRIMARY KEY (`id`) USING BTREE
) ENGINE = InnoDB CHARACTER SET = utf8mb3 COLLATE = utf8mb3_general_ci COMMENT = '角色表' ROW_FORMAT = DYNAMIC;

-- ----------------------------
-- Records of sys_role
-- ----------------------------
INSERT INTO `sys_role` VALUES (1658729760682242048, 0, '超级管理员', 'admin', b'1', '这是超级管理员', '2023-05-23 09:26:19', 1658729760682242049, '2023-05-23 09:26:19', 1658729760682242049, b'0');
INSERT INTO `sys_role` VALUES (1660819620651950082, NULL, '普通角色', 'user', b'1', '普通角色', '2023-05-23 09:27:09', 1658729760682242049, '2023-05-23 09:27:09', 1658729760682242049, b'0');
INSERT INTO `sys_role` VALUES (1678413185528426498, NULL, '工人', 'worker', b'1', '工人', '2023-07-10 22:37:42', 1658729760682242049, '2023-07-10 22:37:42', 1658729760682242049, b'0');
INSERT INTO `sys_role` VALUES (1678414801870622721, NULL, '测试人员', 'test-person', b'0', '', '2023-07-10 22:44:07', 1658729760682242048, '2023-07-11 12:42:32', 1658729760682242049, b'0');

-- ----------------------------
-- Table structure for sys_role_mark
-- ----------------------------
DROP TABLE IF EXISTS `sys_role_mark`;
CREATE TABLE `sys_role_mark`  (
  `id` bigint NOT NULL,
  `role_id` bigint NULL DEFAULT NULL,
  `mark_id` bigint NULL DEFAULT NULL,
  `rule_id` bigint NULL DEFAULT NULL,
  `create_time` datetime NULL DEFAULT NULL,
  `create_by` bigint NULL DEFAULT NULL,
  `update_time` datetime NULL DEFAULT NULL,
  `update_by` bigint NULL DEFAULT NULL,
  `deleted` bit(1) NULL DEFAULT NULL,
  PRIMARY KEY (`id`) USING BTREE
) ENGINE = InnoDB CHARACTER SET = utf8mb3 COLLATE = utf8mb3_general_ci COMMENT = '用户表' ROW_FORMAT = DYNAMIC;

-- ----------------------------
-- Records of sys_role_mark
-- ----------------------------
INSERT INTO `sys_role_mark` VALUES (1677667851445518333, 1658729760682242048, 1677667851445518444, 1677667851445518666, NULL, NULL, NULL, NULL, b'0');
INSERT INTO `sys_role_mark` VALUES (1686929764409606146, 1660819620651950082, 1677667851445518444, 1677667851445518667, '2023-08-03 10:39:32', 1658729760682242049, '2023-08-03 10:39:32', 1658729760682242049, b'1');
INSERT INTO `sys_role_mark` VALUES (1686932383349821441, 1660819620651950082, 1677667851445518444, 1677667851445518667, '2023-08-03 10:49:57', 1658729760682242049, '2023-08-03 10:49:57', 1658729760682242049, b'1');
INSERT INTO `sys_role_mark` VALUES (1687035797937274882, 1660819620651950082, 1677667851445518444, 1687033529141772289, '2023-08-03 17:40:53', 1658729760682242049, '2023-08-03 17:40:53', 1658729760682242049, b'1');
INSERT INTO `sys_role_mark` VALUES (1687036516371218433, 1660819620651950082, 1677667851445518444, 1687036478102388738, '2023-08-03 17:43:44', 1658729760682242049, '2023-08-03 17:43:44', 1658729760682242049, b'0');
INSERT INTO `sys_role_mark` VALUES (1687285727868186625, 1660819620651950082, 1687284686216982529, 1687285464780468226, '2023-08-04 10:14:00', 1658729760682242049, '2023-08-04 10:14:00', 1658729760682242049, b'1');
INSERT INTO `sys_role_mark` VALUES (1687286239011237890, 1660819620651950082, 1687284686216982529, 1687285633752199169, '2023-08-04 10:16:02', 1658729760682242049, '2023-08-04 10:16:02', 1658729760682242049, b'1');
INSERT INTO `sys_role_mark` VALUES (1687286824489938946, 1660819620651950082, 1687284686216982529, 1687285131765313537, '2023-08-04 10:18:22', 1658729760682242049, '2023-08-04 10:18:22', 1658729760682242049, b'1');
INSERT INTO `sys_role_mark` VALUES (1687286864767840257, 1660819620651950082, 1687284686216982529, 1687285284731580417, '2023-08-04 10:18:32', 1658729760682242049, '2023-08-04 10:18:32', 1658729760682242049, b'1');
INSERT INTO `sys_role_mark` VALUES (1687299230272266242, 1660819620651950082, 1687284686216982529, 1687290513451610113, '2023-08-04 11:07:40', 1658729760682242049, '2023-08-04 11:07:40', 1658729760682242049, b'0');

-- ----------------------------
-- Table structure for sys_role_menu
-- ----------------------------
DROP TABLE IF EXISTS `sys_role_menu`;
CREATE TABLE `sys_role_menu`  (
  `id` bigint NOT NULL,
  `role_id` bigint NOT NULL COMMENT '角色 ID',
  `menu_id` bigint NOT NULL COMMENT '权限 ID',
  `create_time` datetime NULL DEFAULT NULL,
  `create_by` bigint NULL DEFAULT NULL,
  `update_time` datetime NULL DEFAULT NULL,
  `update_by` bigint NULL DEFAULT NULL,
  `deleted` bit(1) NULL DEFAULT NULL,
  PRIMARY KEY (`id`) USING BTREE
) ENGINE = InnoDB CHARACTER SET = utf8mb3 COLLATE = utf8mb3_general_ci COMMENT = '角色权限表' ROW_FORMAT = DYNAMIC;

-- ----------------------------
-- Records of sys_role_menu
-- ----------------------------
INSERT INTO `sys_role_menu` VALUES (1658729760682242045, 1658729760682242048, 1658729760682242047, NULL, NULL, NULL, NULL, b'1');
INSERT INTO `sys_role_menu` VALUES (1660833127124520962, 1658729760682242048, 1658729760682242047, '2023-05-23 10:20:49', 1658729760682242049, '2023-05-23 10:20:49', 1658729760682242049, b'1');
INSERT INTO `sys_role_menu` VALUES (1660833127124520963, 1658729760682242048, 1660815857409163265, '2023-05-23 10:20:49', 1658729760682242049, '2023-05-23 10:20:49', 1658729760682242049, b'1');
INSERT INTO `sys_role_menu` VALUES (1660833127124520964, 1658729760682242048, 1660816306296160258, '2023-05-23 10:20:49', 1658729760682242049, '2023-05-23 10:20:49', 1658729760682242049, b'1');
INSERT INTO `sys_role_menu` VALUES (1660842711759257601, 1658729760682242048, 1658729760682242047, '2023-05-23 10:58:54', 1658729760682242049, '2023-05-23 10:58:54', 1658729760682242049, b'1');
INSERT INTO `sys_role_menu` VALUES (1660842711767646209, 1658729760682242048, 1660815857409163265, '2023-05-23 10:58:54', 1658729760682242049, '2023-05-23 10:58:54', 1658729760682242049, b'1');
INSERT INTO `sys_role_menu` VALUES (1660842711767646210, 1658729760682242048, 1660816306296160258, '2023-05-23 10:58:54', 1658729760682242049, '2023-05-23 10:58:54', 1658729760682242049, b'1');
INSERT INTO `sys_role_menu` VALUES (1660842711767646211, 1658729760682242048, 1660816306296160259, '2023-05-23 10:58:54', 1658729760682242049, '2023-05-23 10:58:54', 1658729760682242049, b'1');
INSERT INTO `sys_role_menu` VALUES (1660842711767646212, 1658729760682242048, 1660816306296160260, '2023-05-23 10:58:54', 1658729760682242049, '2023-05-23 10:58:54', 1658729760682242049, b'1');
INSERT INTO `sys_role_menu` VALUES (1660842711767646213, 1658729760682242048, 1660816306296160261, '2023-05-23 10:58:54', 1658729760682242049, '2023-05-23 10:58:54', 1658729760682242049, b'1');
INSERT INTO `sys_role_menu` VALUES (1660842711767646214, 1658729760682242048, 1660816306296160262, '2023-05-23 10:58:54', 1658729760682242049, '2023-05-23 10:58:54', 1658729760682242049, b'1');
INSERT INTO `sys_role_menu` VALUES (1660842711767646215, 1658729760682242048, 1660816306296160263, '2023-05-23 10:58:54', 1658729760682242049, '2023-05-23 10:58:54', 1658729760682242049, b'1');
INSERT INTO `sys_role_menu` VALUES (1660842711767646216, 1658729760682242048, 1660816306296160264, '2023-05-23 10:58:54', 1658729760682242049, '2023-05-23 10:58:54', 1658729760682242049, b'1');
INSERT INTO `sys_role_menu` VALUES (1660842711767646217, 1658729760682242048, 1660816306296160265, '2023-05-23 10:58:54', 1658729760682242049, '2023-05-23 10:58:54', 1658729760682242049, b'1');
INSERT INTO `sys_role_menu` VALUES (1660842711767646218, 1658729760682242048, 1660816306296160266, '2023-05-23 10:58:54', 1658729760682242049, '2023-05-23 10:58:54', 1658729760682242049, b'1');
INSERT INTO `sys_role_menu` VALUES (1660842711767646219, 1658729760682242048, 1660816306296160267, '2023-05-23 10:58:54', 1658729760682242049, '2023-05-23 10:58:54', 1658729760682242049, b'1');
INSERT INTO `sys_role_menu` VALUES (1660842711767646220, 1658729760682242048, 1660816306296160268, '2023-05-23 10:58:54', 1658729760682242049, '2023-05-23 10:58:54', 1658729760682242049, b'1');
INSERT INTO `sys_role_menu` VALUES (1660842711767646221, 1658729760682242048, 1660816306296160269, '2023-05-23 10:58:54', 1658729760682242049, '2023-05-23 10:58:54', 1658729760682242049, b'1');
INSERT INTO `sys_role_menu` VALUES (1660842711767646222, 1658729760682242048, 1660816306296160270, NULL, NULL, NULL, NULL, b'1');
INSERT INTO `sys_role_menu` VALUES (1678412985388822530, 1660819620651950082, 1658729760682242047, '2023-07-10 22:36:54', 1658729760682242049, '2023-07-10 22:36:54', 1658729760682242049, b'1');
INSERT INTO `sys_role_menu` VALUES (1678414154899189762, 1678413185528426498, 1658729760682242047, '2023-07-10 22:41:33', 1658729760682242049, '2023-07-10 22:41:33', 1658729760682242049, b'1');
INSERT INTO `sys_role_menu` VALUES (1678414802462019585, 1678414801870622721, 1658729760682242047, '2023-07-10 22:44:07', 1658729760682242049, '2023-07-10 22:44:07', 1658729760682242049, b'1');
INSERT INTO `sys_role_menu` VALUES (1678415186618322946, 1678413185528426498, 1658729760682242047, '2023-07-10 22:45:39', 1658729760682242049, '2023-07-10 22:45:39', 1658729760682242049, b'0');
INSERT INTO `sys_role_menu` VALUES (1678624607738048513, 1678414801870622721, 1658729760682242047, '2023-07-11 12:37:48', 1658729760682242049, '2023-07-11 12:37:48', 1658729760682242049, b'1');
INSERT INTO `sys_role_menu` VALUES (1678624607738048514, 1678414801870622721, 1660815857409163265, '2023-07-11 12:37:48', 1658729760682242049, '2023-07-11 12:37:48', 1658729760682242049, b'1');
INSERT INTO `sys_role_menu` VALUES (1678624607750631426, 1678414801870622721, 1660816306296160270, '2023-07-11 12:37:48', 1658729760682242049, '2023-07-11 12:37:48', 1658729760682242049, b'1');
INSERT INTO `sys_role_menu` VALUES (1678624980540370946, 1678414801870622721, 1658729760682242047, '2023-07-11 12:39:17', 1658729760682242049, '2023-07-11 12:39:17', 1658729760682242049, b'1');
INSERT INTO `sys_role_menu` VALUES (1678625341128880130, 1678414801870622721, 1658729760682242047, '2023-07-11 12:40:43', 1658729760682242049, '2023-07-11 12:40:43', 1658729760682242049, b'1');
INSERT INTO `sys_role_menu` VALUES (1678625463468339202, 1678414801870622721, 1658729760682242047, '2023-07-11 12:41:13', 1658729760682242049, '2023-07-11 12:41:13', 1658729760682242049, b'1');
INSERT INTO `sys_role_menu` VALUES (1678625463468339203, 1678414801870622721, 1660815857409163265, '2023-07-11 12:41:13', 1658729760682242049, '2023-07-11 12:41:13', 1658729760682242049, b'1');
INSERT INTO `sys_role_menu` VALUES (1678784770043056129, 1678414801870622721, 1658729760682242047, '2023-07-11 23:14:14', 1658729760682242049, '2023-07-11 23:14:14', 1658729760682242049, b'1');
INSERT INTO `sys_role_menu` VALUES (1678784770043056130, 1678414801870622721, 1660815857409163265, '2023-07-11 23:14:14', 1658729760682242049, '2023-07-11 23:14:14', 1658729760682242049, b'1');
INSERT INTO `sys_role_menu` VALUES (1679038143354159105, 1660819620651950082, 1658729760682242047, '2023-07-12 16:01:03', 1658729760682242049, '2023-07-12 16:01:03', 1658729760682242049, b'1');
INSERT INTO `sys_role_menu` VALUES (1679038449525768193, 1660819620651950082, 1658729760682242047, '2023-07-12 16:02:16', 1658729760682242049, '2023-07-12 16:02:16', 1658729760682242049, b'1');
INSERT INTO `sys_role_menu` VALUES (1679039467630149634, 1660819620651950082, 1658729760682242047, '2023-07-12 16:06:19', 1658729760682242049, '2023-07-12 16:06:19', 1658729760682242049, b'1');
INSERT INTO `sys_role_menu` VALUES (1679089659301621762, 1660819620651950082, 1658729760682242047, '2023-07-12 19:25:45', 1658729760682242049, '2023-07-12 19:25:45', 1658729760682242049, b'1');
INSERT INTO `sys_role_menu` VALUES (1679089659301621763, 1660819620651950082, 1660815857409163265, '2023-07-12 19:25:45', 1658729760682242049, '2023-07-12 19:25:45', 1658729760682242049, b'1');
INSERT INTO `sys_role_menu` VALUES (1679089659301621764, 1660819620651950082, 1660816306296160258, '2023-07-12 19:25:45', 1658729760682242049, '2023-07-12 19:25:45', 1658729760682242049, b'1');
INSERT INTO `sys_role_menu` VALUES (1679089659301621765, 1660819620651950082, 1660816306296160268, '2023-07-12 19:25:45', 1658729760682242049, '2023-07-12 19:25:45', 1658729760682242049, b'1');
INSERT INTO `sys_role_menu` VALUES (1679089863581003778, 1660819620651950082, 1658729760682242047, '2023-07-12 19:26:34', 1658729760682242049, '2023-07-12 19:26:34', 1658729760682242049, b'0');
INSERT INTO `sys_role_menu` VALUES (1679089863606169602, 1660819620651950082, 1660815857409163265, '2023-07-12 19:26:34', 1658729760682242049, '2023-07-12 19:26:34', 1658729760682242049, b'0');
INSERT INTO `sys_role_menu` VALUES (1679089863606169603, 1660819620651950082, 1660816306296160258, '2023-07-12 19:26:34', 1658729760682242049, '2023-07-12 19:26:34', 1658729760682242049, b'0');
INSERT INTO `sys_role_menu` VALUES (1679089863606169604, 1660819620651950082, 1660816306296160263, '2023-07-12 19:26:34', 1658729760682242049, '2023-07-12 19:26:34', 1658729760682242049, b'0');
INSERT INTO `sys_role_menu` VALUES (1679089863606169605, 1660819620651950082, 1660816306296160268, '2023-07-12 19:26:34', 1658729760682242049, '2023-07-12 19:26:34', 1658729760682242049, b'0');
INSERT INTO `sys_role_menu` VALUES (1679091400311074817, 1658729760682242048, 1658729760682242047, '2023-07-12 19:32:41', 1658729760682242049, '2023-07-12 19:32:41', 1658729760682242049, b'1');
INSERT INTO `sys_role_menu` VALUES (1679091400311074818, 1658729760682242048, 1660815857409163265, '2023-07-12 19:32:41', 1658729760682242049, '2023-07-12 19:32:41', 1658729760682242049, b'1');
INSERT INTO `sys_role_menu` VALUES (1679091400311074819, 1658729760682242048, 1660816306296160258, '2023-07-12 19:32:41', 1658729760682242049, '2023-07-12 19:32:41', 1658729760682242049, b'1');
INSERT INTO `sys_role_menu` VALUES (1679091400311074820, 1658729760682242048, 1660816306296160259, '2023-07-12 19:32:41', 1658729760682242049, '2023-07-12 19:32:41', 1658729760682242049, b'1');
INSERT INTO `sys_role_menu` VALUES (1679091400311074821, 1658729760682242048, 1679086780364922881, '2023-07-12 19:32:41', 1658729760682242049, '2023-07-12 19:32:41', 1658729760682242049, b'1');
INSERT INTO `sys_role_menu` VALUES (1679091400311074822, 1658729760682242048, 1660816306296160260, '2023-07-12 19:32:41', 1658729760682242049, '2023-07-12 19:32:41', 1658729760682242049, b'1');
INSERT INTO `sys_role_menu` VALUES (1679091400311074823, 1658729760682242048, 1660816306296160261, '2023-07-12 19:32:41', 1658729760682242049, '2023-07-12 19:32:41', 1658729760682242049, b'1');
INSERT INTO `sys_role_menu` VALUES (1679091400311074824, 1658729760682242048, 1660816306296160262, '2023-07-12 19:32:41', 1658729760682242049, '2023-07-12 19:32:41', 1658729760682242049, b'1');
INSERT INTO `sys_role_menu` VALUES (1679091400311074825, 1658729760682242048, 1660816306296160263, '2023-07-12 19:32:41', 1658729760682242049, '2023-07-12 19:32:41', 1658729760682242049, b'1');
INSERT INTO `sys_role_menu` VALUES (1679091400311074826, 1658729760682242048, 1660816306296160264, '2023-07-12 19:32:41', 1658729760682242049, '2023-07-12 19:32:41', 1658729760682242049, b'1');
INSERT INTO `sys_role_menu` VALUES (1679091400311074827, 1658729760682242048, 1660816306296160265, '2023-07-12 19:32:41', 1658729760682242049, '2023-07-12 19:32:41', 1658729760682242049, b'1');
INSERT INTO `sys_role_menu` VALUES (1679091400311074828, 1658729760682242048, 1660816306296160266, '2023-07-12 19:32:41', 1658729760682242049, '2023-07-12 19:32:41', 1658729760682242049, b'1');
INSERT INTO `sys_role_menu` VALUES (1679091400311074829, 1658729760682242048, 1660816306296160267, '2023-07-12 19:32:41', 1658729760682242049, '2023-07-12 19:32:41', 1658729760682242049, b'1');
INSERT INTO `sys_role_menu` VALUES (1679091400311074830, 1658729760682242048, 1660816306296160268, '2023-07-12 19:32:41', 1658729760682242049, '2023-07-12 19:32:41', 1658729760682242049, b'1');
INSERT INTO `sys_role_menu` VALUES (1679091400311074831, 1658729760682242048, 1660816306296160269, '2023-07-12 19:32:41', 1658729760682242049, '2023-07-12 19:32:41', 1658729760682242049, b'1');
INSERT INTO `sys_role_menu` VALUES (1679091400311074832, 1658729760682242048, 1660816306296160270, '2023-07-12 19:32:41', 1658729760682242049, '2023-07-12 19:32:41', 1658729760682242049, b'1');
INSERT INTO `sys_role_menu` VALUES (1680151274253647873, 1658729760682242048, 1658729760682242047, '2023-07-15 17:44:14', 1658729760682242049, '2023-07-15 17:44:14', 1658729760682242049, b'1');
INSERT INTO `sys_role_menu` VALUES (1680151274253647874, 1658729760682242048, 1660815857409163265, '2023-07-15 17:44:14', 1658729760682242049, '2023-07-15 17:44:14', 1658729760682242049, b'1');
INSERT INTO `sys_role_menu` VALUES (1680151274253647875, 1658729760682242048, 1660816306296160258, '2023-07-15 17:44:14', 1658729760682242049, '2023-07-15 17:44:14', 1658729760682242049, b'1');
INSERT INTO `sys_role_menu` VALUES (1680151274253647876, 1658729760682242048, 1660816306296160259, '2023-07-15 17:44:14', 1658729760682242049, '2023-07-15 17:44:14', 1658729760682242049, b'1');
INSERT INTO `sys_role_menu` VALUES (1680151274253647877, 1658729760682242048, 1679086780364922881, '2023-07-15 17:44:14', 1658729760682242049, '2023-07-15 17:44:14', 1658729760682242049, b'1');
INSERT INTO `sys_role_menu` VALUES (1680151274253647878, 1658729760682242048, 1660816306296160262, '2023-07-15 17:44:14', 1658729760682242049, '2023-07-15 17:44:14', 1658729760682242049, b'1');
INSERT INTO `sys_role_menu` VALUES (1680151274253647879, 1658729760682242048, 1660816306296160261, '2023-07-15 17:44:14', 1658729760682242049, '2023-07-15 17:44:14', 1658729760682242049, b'1');
INSERT INTO `sys_role_menu` VALUES (1680151274253647880, 1658729760682242048, 1660816306296160260, '2023-07-15 17:44:14', 1658729760682242049, '2023-07-15 17:44:14', 1658729760682242049, b'1');
INSERT INTO `sys_role_menu` VALUES (1680151274253647881, 1658729760682242048, 1660816306296160263, '2023-07-15 17:44:14', 1658729760682242049, '2023-07-15 17:44:14', 1658729760682242049, b'1');
INSERT INTO `sys_role_menu` VALUES (1680151274253647882, 1658729760682242048, 1660816306296160267, '2023-07-15 17:44:14', 1658729760682242049, '2023-07-15 17:44:14', 1658729760682242049, b'1');
INSERT INTO `sys_role_menu` VALUES (1680151274253647883, 1658729760682242048, 1660816306296160266, '2023-07-15 17:44:14', 1658729760682242049, '2023-07-15 17:44:14', 1658729760682242049, b'1');
INSERT INTO `sys_role_menu` VALUES (1680151274253647884, 1658729760682242048, 1660816306296160265, '2023-07-15 17:44:14', 1658729760682242049, '2023-07-15 17:44:14', 1658729760682242049, b'1');
INSERT INTO `sys_role_menu` VALUES (1680151274253647885, 1658729760682242048, 1660816306296160264, '2023-07-15 17:44:14', 1658729760682242049, '2023-07-15 17:44:14', 1658729760682242049, b'1');
INSERT INTO `sys_role_menu` VALUES (1680151274253647886, 1658729760682242048, 1660816306296160268, '2023-07-15 17:44:14', 1658729760682242049, '2023-07-15 17:44:14', 1658729760682242049, b'1');
INSERT INTO `sys_role_menu` VALUES (1680151274253647887, 1658729760682242048, 1660816306296160269, '2023-07-15 17:44:14', 1658729760682242049, '2023-07-15 17:44:14', 1658729760682242049, b'1');
INSERT INTO `sys_role_menu` VALUES (1680151274253647888, 1658729760682242048, 1679086780364922882, '2023-07-15 17:44:14', 1658729760682242049, '2023-07-15 17:44:14', 1658729760682242049, b'1');
INSERT INTO `sys_role_menu` VALUES (1680151274253647889, 1658729760682242048, 1660816306296160270, '2023-07-15 17:44:14', 1658729760682242049, '2023-07-15 17:44:14', 1658729760682242049, b'1');
INSERT INTO `sys_role_menu` VALUES (1686547510499930113, 1658729760682242048, 1658729760682242047, '2023-08-02 09:20:36', 1658729760682242049, '2023-08-02 09:20:36', 1658729760682242049, b'1');
INSERT INTO `sys_role_menu` VALUES (1686547510499930114, 1658729760682242048, 1660815857409163265, '2023-08-02 09:20:36', 1658729760682242049, '2023-08-02 09:20:36', 1658729760682242049, b'1');
INSERT INTO `sys_role_menu` VALUES (1686547510499930115, 1658729760682242048, 1660816306296160258, '2023-08-02 09:20:36', 1658729760682242049, '2023-08-02 09:20:36', 1658729760682242049, b'1');
INSERT INTO `sys_role_menu` VALUES (1686547510499930116, 1658729760682242048, 1679086780364922881, '2023-08-02 09:20:36', 1658729760682242049, '2023-08-02 09:20:36', 1658729760682242049, b'1');
INSERT INTO `sys_role_menu` VALUES (1686547510499930117, 1658729760682242048, 1660816306296160260, '2023-08-02 09:20:36', 1658729760682242049, '2023-08-02 09:20:36', 1658729760682242049, b'1');
INSERT INTO `sys_role_menu` VALUES (1686547510499930118, 1658729760682242048, 1660816306296160261, '2023-08-02 09:20:36', 1658729760682242049, '2023-08-02 09:20:36', 1658729760682242049, b'1');
INSERT INTO `sys_role_menu` VALUES (1686547510499930119, 1658729760682242048, 1660816306296160262, '2023-08-02 09:20:36', 1658729760682242049, '2023-08-02 09:20:36', 1658729760682242049, b'1');
INSERT INTO `sys_role_menu` VALUES (1686547510499930120, 1658729760682242048, 1660816306296160263, '2023-08-02 09:20:36', 1658729760682242049, '2023-08-02 09:20:36', 1658729760682242049, b'1');
INSERT INTO `sys_role_menu` VALUES (1686547510499930121, 1658729760682242048, 1660816306296160265, '2023-08-02 09:20:36', 1658729760682242049, '2023-08-02 09:20:36', 1658729760682242049, b'1');
INSERT INTO `sys_role_menu` VALUES (1686547510499930122, 1658729760682242048, 1660816306296160266, '2023-08-02 09:20:36', 1658729760682242049, '2023-08-02 09:20:36', 1658729760682242049, b'1');
INSERT INTO `sys_role_menu` VALUES (1686547510499930123, 1658729760682242048, 1660816306296160267, '2023-08-02 09:20:36', 1658729760682242049, '2023-08-02 09:20:36', 1658729760682242049, b'1');
INSERT INTO `sys_role_menu` VALUES (1686547510499930124, 1658729760682242048, 1660816306296160268, '2023-08-02 09:20:36', 1658729760682242049, '2023-08-02 09:20:36', 1658729760682242049, b'1');
INSERT INTO `sys_role_menu` VALUES (1686547510499930125, 1658729760682242048, 1660816306296160269, '2023-08-02 09:20:36', 1658729760682242049, '2023-08-02 09:20:36', 1658729760682242049, b'1');
INSERT INTO `sys_role_menu` VALUES (1686547510499930126, 1658729760682242048, 1660816306296160270, '2023-08-02 09:20:36', 1658729760682242049, '2023-08-02 09:20:36', 1658729760682242049, b'1');
INSERT INTO `sys_role_menu` VALUES (1686547510499930127, 1658729760682242048, 1679086780364922882, '2023-08-02 09:20:36', 1658729760682242049, '2023-08-02 09:20:36', 1658729760682242049, b'1');
INSERT INTO `sys_role_menu` VALUES (1686547510499930128, 1658729760682242048, 1686356560007864321, '2023-08-02 09:20:36', 1658729760682242049, '2023-08-02 09:20:36', 1658729760682242049, b'1');
INSERT INTO `sys_role_menu` VALUES (1686558653155074050, 1658729760682242048, 1658729760682242047, '2023-08-02 10:04:52', 1658729760682242049, '2023-08-02 10:04:52', 1658729760682242049, b'0');
INSERT INTO `sys_role_menu` VALUES (1686558653155074051, 1658729760682242048, 1660815857409163265, '2023-08-02 10:04:52', 1658729760682242049, '2023-08-02 10:04:52', 1658729760682242049, b'0');
INSERT INTO `sys_role_menu` VALUES (1686558653155074052, 1658729760682242048, 1660816306296160258, '2023-08-02 10:04:52', 1658729760682242049, '2023-08-02 10:04:52', 1658729760682242049, b'0');
INSERT INTO `sys_role_menu` VALUES (1686558653155074053, 1658729760682242048, 1679086780364922881, '2023-08-02 10:04:52', 1658729760682242049, '2023-08-02 10:04:52', 1658729760682242049, b'0');
INSERT INTO `sys_role_menu` VALUES (1686558653155074054, 1658729760682242048, 1660816306296160262, '2023-08-02 10:04:52', 1658729760682242049, '2023-08-02 10:04:52', 1658729760682242049, b'0');
INSERT INTO `sys_role_menu` VALUES (1686558653155074055, 1658729760682242048, 1660816306296160261, '2023-08-02 10:04:52', 1658729760682242049, '2023-08-02 10:04:52', 1658729760682242049, b'0');
INSERT INTO `sys_role_menu` VALUES (1686558653180239874, 1658729760682242048, 1660816306296160260, '2023-08-02 10:04:52', 1658729760682242049, '2023-08-02 10:04:52', 1658729760682242049, b'0');
INSERT INTO `sys_role_menu` VALUES (1686558653180239875, 1658729760682242048, 1660816306296160263, '2023-08-02 10:04:52', 1658729760682242049, '2023-08-02 10:04:52', 1658729760682242049, b'0');
INSERT INTO `sys_role_menu` VALUES (1686558653180239876, 1658729760682242048, 1660816306296160267, '2023-08-02 10:04:52', 1658729760682242049, '2023-08-02 10:04:52', 1658729760682242049, b'0');
INSERT INTO `sys_role_menu` VALUES (1686558653180239877, 1658729760682242048, 1660816306296160266, '2023-08-02 10:04:52', 1658729760682242049, '2023-08-02 10:04:52', 1658729760682242049, b'0');
INSERT INTO `sys_role_menu` VALUES (1686558653180239878, 1658729760682242048, 1660816306296160265, '2023-08-02 10:04:52', 1658729760682242049, '2023-08-02 10:04:52', 1658729760682242049, b'0');
INSERT INTO `sys_role_menu` VALUES (1686558653180239879, 1658729760682242048, 1660816306296160268, '2023-08-02 10:04:52', 1658729760682242049, '2023-08-02 10:04:52', 1658729760682242049, b'0');
INSERT INTO `sys_role_menu` VALUES (1686558653180239880, 1658729760682242048, 1660816306296160269, '2023-08-02 10:04:52', 1658729760682242049, '2023-08-02 10:04:52', 1658729760682242049, b'0');
INSERT INTO `sys_role_menu` VALUES (1686558653180239881, 1658729760682242048, 1660816306296160270, '2023-08-02 10:04:52', 1658729760682242049, '2023-08-02 10:04:52', 1658729760682242049, b'0');
INSERT INTO `sys_role_menu` VALUES (1686558653180239882, 1658729760682242048, 1679086780364922882, '2023-08-02 10:04:52', 1658729760682242049, '2023-08-02 10:04:52', 1658729760682242049, b'0');
INSERT INTO `sys_role_menu` VALUES (1686558653180239883, 1658729760682242048, 1686356560007864321, '2023-08-02 10:04:52', 1658729760682242049, '2023-08-02 10:04:52', 1658729760682242049, b'0');
INSERT INTO `sys_role_menu` VALUES (1686558653180239884, 1658729760682242048, 1686556192331751425, '2023-08-02 10:04:52', 1658729760682242049, '2023-08-02 10:04:52', 1658729760682242049, b'0');
INSERT INTO `sys_role_menu` VALUES (1686743940343013377, 1678414801870622721, 1658729760682242047, '2023-08-02 22:21:08', 1658729760682242049, '2023-08-02 22:21:08', 1658729760682242049, b'1');
INSERT INTO `sys_role_menu` VALUES (1686743940343013378, 1678414801870622721, 1660815857409163265, '2023-08-02 22:21:08', 1658729760682242049, '2023-08-02 22:21:08', 1658729760682242049, b'1');
INSERT INTO `sys_role_menu` VALUES (1686745609701183489, 1678414801870622721, 1658729760682242047, '2023-08-02 22:27:46', 1658729760682242049, '2023-08-02 22:27:46', 1658729760682242049, b'0');
INSERT INTO `sys_role_menu` VALUES (1686745609701183490, 1678414801870622721, 1660815857409163265, '2023-08-02 22:27:46', 1658729760682242049, '2023-08-02 22:27:46', 1658729760682242049, b'0');

-- ----------------------------
-- Table structure for sys_rule
-- ----------------------------
DROP TABLE IF EXISTS `sys_rule`;
CREATE TABLE `sys_rule`  (
  `id` bigint NOT NULL,
  `remark` varchar(255) CHARACTER SET utf8mb3 COLLATE utf8mb3_general_ci NULL DEFAULT NULL COMMENT '备注',
  `mark_id` bigint NULL DEFAULT NULL,
  `table_alias` varchar(255) CHARACTER SET utf8mb3 COLLATE utf8mb3_general_ci NULL DEFAULT NULL COMMENT '表别名',
  `column_name` varchar(255) CHARACTER SET utf8mb3 COLLATE utf8mb3_general_ci NULL DEFAULT NULL COMMENT '数据库字段名',
  `splice_type` varchar(255) CHARACTER SET utf8mb3 COLLATE utf8mb3_general_ci NULL DEFAULT NULL COMMENT '拼接类型 SpliceTypeEnum',
  `expression` varchar(255) CHARACTER SET utf8mb3 COLLATE utf8mb3_general_ci NULL DEFAULT NULL COMMENT '表达式 ExpressionEnum',
  `provide_type` tinyint NULL DEFAULT NULL COMMENT 'ProvideTypeEnum 值提供类型，1-值，2-方法',
  `value1` varchar(255) CHARACTER SET utf8mb3 COLLATE utf8mb3_general_ci NULL DEFAULT NULL COMMENT '值1',
  `value2` varchar(255) CHARACTER SET utf8mb3 COLLATE utf8mb3_general_ci NULL DEFAULT NULL COMMENT '值2',
  `class_name` varchar(255) CHARACTER SET utf8mb3 COLLATE utf8mb3_general_ci NULL DEFAULT NULL COMMENT '全限定类名',
  `method_name` varchar(255) CHARACTER SET utf8mb3 COLLATE utf8mb3_general_ci NULL DEFAULT NULL COMMENT '方法名',
  `formal_param` varchar(255) CHARACTER SET utf8mb3 COLLATE utf8mb3_general_ci NULL DEFAULT NULL COMMENT '形参，分号隔开',
  `actual_param` varchar(255) CHARACTER SET utf8mb3 COLLATE utf8mb3_general_ci NULL DEFAULT NULL COMMENT '实参，分号隔开',
  `create_time` datetime NULL DEFAULT NULL,
  `create_by` bigint NULL DEFAULT NULL,
  `update_time` datetime NULL DEFAULT NULL,
  `update_by` bigint NULL DEFAULT NULL,
  `deleted` bit(1) NULL DEFAULT NULL,
  PRIMARY KEY (`id`) USING BTREE
) ENGINE = InnoDB CHARACTER SET = utf8mb3 COLLATE = utf8mb3_general_ci COMMENT = '用户表' ROW_FORMAT = DYNAMIC;

-- ----------------------------
-- Records of sys_rule
-- ----------------------------
INSERT INTO `sys_rule` VALUES (1677667851445518440, '无参测试-1', 1, NULL, 'enabled', 'OR', 'IN', 2, NULL, NULL, 'com.gitee.whzzone.admin.controller.A', 'getIds', NULL, NULL, '2023-07-16 09:11:11', 1658729760682242049, '2023-07-16 09:11:09', 1658729760682242049, b'0');
INSERT INTO `sys_rule` VALUES (1677667851445518441, '查看创建人是当前登录用户的数据', 0, NULL, 'create_by', 'AND', 'IN', 2, '', NULL, 'com.gitee.whzzone.admin.util.SecurityUtil', 'loginUserId', NULL, NULL, '2023-07-16 09:11:04', 1658729760682242049, '2023-07-15 17:53:42', 1658729760682242049, b'0');
INSERT INTO `sys_rule` VALUES (1677667851445518442, '带参注入测试', 1, NULL, 'create_by', 'AND', 'IN', 2, NULL, NULL, 'com.gitee.whzzone.admin.controller.A', 'getByName', 'java.lang.String;java.lang.Integer', 'hello world;18', '2023-07-16 09:11:44', 1658729760682242049, '2023-07-16 09:11:09', 1658729760682242049, b'0');
INSERT INTO `sys_rule` VALUES (1677667851445518443, '查看父级id为0的数据', 1, NULL, 'parent_id', 'AND', 'EQ', 1, '0', NULL, NULL, NULL, NULL, NULL, '2023-07-16 09:11:05', 1658729760682242049, '2023-07-16 09:11:09', 1658729760682242049, b'0');
INSERT INTO `sys_rule` VALUES (1677667851445518666, '查看编码不是work的角色', 1677667851445518444, NULL, 'code', 'AND', 'NE', 1, 'worker', NULL, NULL, NULL, NULL, NULL, '2023-07-16 09:11:54', 1658729760682242049, '2023-07-16 09:11:09', 1658729760682242049, b'0');
INSERT INTO `sys_rule` VALUES (1677667851445518667, '只查看编码work的角色', 1677667851445518444, NULL, 'code', 'AND', 'EQ', 1, 'worker', NULL, NULL, NULL, NULL, NULL, '2023-07-16 09:11:09', 1658729760682242049, '2023-07-16 09:11:09', 1658729760682242049, b'0');
INSERT INTO `sys_rule` VALUES (1687033529141772289, '查看状态为启用的角色', 1677667851445518444, NULL, 'enabled', 'AND', 'EQ', 1, '1', NULL, NULL, NULL, NULL, NULL, '2023-08-03 17:31:52', 1658729760682242049, '2023-08-03 17:31:52', 1658729760682242049, b'0');
INSERT INTO `sys_rule` VALUES (1687036478102388738, '只查看禁用的角色', 1677667851445518444, NULL, 'enabled', 'AND', 'EQ', 1, '0', NULL, NULL, NULL, NULL, NULL, '2023-08-03 17:43:35', 1658729760682242049, '2023-08-03 17:43:35', 1658729760682242049, b'0');
INSERT INTO `sys_rule` VALUES (1687285131765313537, '查看收货地址为钦南区的订单', 1687284686216982529, NULL, 'receiver_address', 'AND', 'LIKE', 1, '钦南', NULL, NULL, NULL, NULL, NULL, '2023-08-04 10:11:38', 1658729760682242049, '2023-08-04 10:11:38', 1658729760682242049, b'0');
INSERT INTO `sys_rule` VALUES (1687285284731580417, '查看收货地址为钦北区的订单', 1687284686216982529, NULL, 'receiver_address', 'AND', 'LIKE', 1, '钦北区', NULL, NULL, NULL, NULL, NULL, '2023-08-04 10:12:15', 1658729760682242049, '2023-08-04 10:12:15', 1658729760682242049, b'0');
INSERT INTO `sys_rule` VALUES (1687285464780468226, '查看订单金额大于100的订单', 1687284686216982529, NULL, 'order_amount', 'AND', 'GT', 1, '100', NULL, NULL, NULL, NULL, NULL, '2023-08-04 10:12:58', 1658729760682242049, '2023-08-04 10:12:58', 1658729760682242049, b'0');
INSERT INTO `sys_rule` VALUES (1687285633752199169, '查看订单金额小于等于100的订单', 1687284686216982529, NULL, 'order_amount', 'AND', 'LE', 1, '100', NULL, NULL, NULL, NULL, NULL, '2023-08-04 10:13:38', 1658729760682242049, '2023-08-04 10:13:38', 1658729760682242049, b'0');
INSERT INTO `sys_rule` VALUES (1687290513451610113, '查看订单金额大于100且小于500的订单', 1687284686216982529, NULL, 'id', 'AND', 'IN', 2, NULL, NULL, 'com.gitee.whzzone.admin.service.order.impl.OrderServiceImpl', 'limitAmountBetween', 'java.math.BigDecimal;java.math.BigDecimal', '100;500', '2023-08-04 10:33:01', 1658729760682242049, '2023-08-04 10:33:01', 1658729760682242049, b'0');

-- ----------------------------
-- Table structure for sys_user
-- ----------------------------
DROP TABLE IF EXISTS `sys_user`;
CREATE TABLE `sys_user`  (
  `id` bigint NOT NULL,
  `username` varchar(50) CHARACTER SET utf8mb3 COLLATE utf8mb3_general_ci NULL DEFAULT NULL COMMENT '用户名',
  `nickname` varchar(255) CHARACTER SET utf8mb3 COLLATE utf8mb3_general_ci NULL DEFAULT NULL,
  `password` varchar(64) CHARACTER SET utf8mb3 COLLATE utf8mb3_general_ci NULL DEFAULT NULL COMMENT '密码，加密存储',
  `phone` varchar(20) CHARACTER SET utf8mb3 COLLATE utf8mb3_general_ci NULL DEFAULT NULL COMMENT '注册手机号',
  `open_id` varchar(255) CHARACTER SET utf8mb3 COLLATE utf8mb3_general_ci NULL DEFAULT NULL,
  `union_id` varchar(255) CHARACTER SET utf8mb3 COLLATE utf8mb3_general_ci NULL DEFAULT NULL,
  `email` varchar(50) CHARACTER SET utf8mb3 COLLATE utf8mb3_general_ci NULL DEFAULT NULL COMMENT '注册邮箱',
  `enabled` bit(1) NULL DEFAULT b'1',
  `create_time` datetime NULL DEFAULT NULL,
  `create_by` bigint NULL DEFAULT NULL,
  `update_time` datetime NULL DEFAULT NULL,
  `update_by` bigint NULL DEFAULT NULL,
  `deleted` bit(1) NULL DEFAULT NULL,
  PRIMARY KEY (`id`) USING BTREE
) ENGINE = InnoDB CHARACTER SET = utf8mb3 COLLATE = utf8mb3_general_ci COMMENT = '用户表' ROW_FORMAT = DYNAMIC;

-- ----------------------------
-- Records of sys_user
-- ----------------------------
INSERT INTO `sys_user` VALUES (1658729760682242049, 'admin', '昵称(管理员)', '$2a$10$M.cAsmqLLmMwG/.K.Dtr4en9XkE1c/7VFZpgtgRyk6EcrwYoHFqx.', '18276904847', 'oXNOh4jjNCN7SnhfnhsdUlNB_bGw', NULL, 'whz@live.com', b'1', '2023-05-17 15:02:47', NULL, '2023-05-17 15:02:47', NULL, b'0');
INSERT INTO `sys_user` VALUES (1658842909723631617, 'user1', '普通用户1', '$2a$10$mTtXxlfpHXCfYkI3fE.Z2uFyPPv46NG1fNN.xmZ1xduAvoXrsVoWm', '15578701918', NULL, NULL, '2625219048@qq.com', b'1', '2023-05-17 22:32:24', 1658729760682242049, '2023-05-17 22:32:24', 1658729760682242049, b'0');
INSERT INTO `sys_user` VALUES (1658844394368802817, 'user2', '普通用户2', '$2a$10$.FUEa0YGbkS4BC7Tq8dlWuWOv3pATyT2hE6nPJclbYjbJ2pPBDroS', '13222222222', NULL, NULL, '1721675433@qq.com', b'1', '2023-05-17 22:38:18', 1658729760682242049, '2023-05-22 19:21:11', 1658729760682242049, b'0');
INSERT INTO `sys_user` VALUES (1678326654519500801, 'user04', 'user04', '$2a$10$9cA68ty8svlAaciZ3TBgYewZzb3qyanpPudF77rJKcAJx9vpmsJMO', '13566666666', NULL, NULL, '', b'1', '2023-07-10 16:53:51', 1658729760682242049, '2023-07-10 16:53:51', 1658729760682242049, b'0');
INSERT INTO `sys_user` VALUES (1678626652960370690, 'worker', 'worker3', '$2a$10$.N6rY3bEDoNqLLSwLrg6Geqqhecx/OU4IzBGhNGprpzWiCq1J5Elm', '13600000000', NULL, NULL, '', b'1', '2023-07-11 12:45:56', 1658729760682242049, '2023-07-11 12:45:56', 1658729760682242049, b'0');
INSERT INTO `sys_user` VALUES (1678972627461726210, 'work01', 'work01', '$2a$10$/BhynhfZX.LzlmlU3HCHC.NWtRF.RUwhm9U4pCIAjws9PphftTVKi', '13500001234', NULL, NULL, '', b'1', '2023-07-12 11:40:43', 1658729760682242049, '2023-07-12 15:39:23', 1658729760682242049, b'1');
INSERT INTO `sys_user` VALUES (1685624533186359298, 'user05', 'user05', '$2a$10$r0a/zfBh8rZho5I3HrJh7ObqVYQJTluwuDUXMCtytZN.1XfiOk5yW', '13200001234', NULL, NULL, NULL, b'1', '2023-07-30 20:13:01', 1658842909723631617, '2023-07-30 20:13:01', 1658842909723631617, b'0');

-- ----------------------------
-- Table structure for sys_user_dept
-- ----------------------------
DROP TABLE IF EXISTS `sys_user_dept`;
CREATE TABLE `sys_user_dept`  (
  `id` bigint NOT NULL,
  `user_id` bigint NULL DEFAULT NULL,
  `dept_id` bigint NULL DEFAULT NULL,
  `create_time` datetime NULL DEFAULT NULL,
  `create_by` bigint NULL DEFAULT NULL,
  `update_time` datetime NULL DEFAULT NULL,
  `update_by` bigint NULL DEFAULT NULL,
  `deleted` bit(1) NULL DEFAULT NULL,
  PRIMARY KEY (`id`) USING BTREE
) ENGINE = InnoDB CHARACTER SET = utf8mb3 COLLATE = utf8mb3_general_ci COMMENT = '用户表' ROW_FORMAT = DYNAMIC;

-- ----------------------------
-- Records of sys_user_dept
-- ----------------------------
INSERT INTO `sys_user_dept` VALUES (1658729760682242040, 1658729760682242049, 1658729760682242049, NULL, NULL, NULL, NULL, b'0');
INSERT INTO `sys_user_dept` VALUES (1658729760682242041, 1658842909723631617, 1658842909723631617, NULL, NULL, NULL, NULL, b'1');
INSERT INTO `sys_user_dept` VALUES (1658729760682242042, 1658844394368802817, 1658842909723631617, NULL, NULL, NULL, NULL, b'1');
INSERT INTO `sys_user_dept` VALUES (1678317647687888897, 1658844394368802817, 1658842909723631617, '2023-07-10 16:18:04', 1658729760682242049, '2023-07-10 16:18:04', 1658729760682242049, b'1');
INSERT INTO `sys_user_dept` VALUES (1678318452516106241, 1658844394368802817, 1658842909723631617, '2023-07-10 16:21:15', 1658729760682242049, '2023-07-10 16:21:15', 1658729760682242049, b'0');
INSERT INTO `sys_user_dept` VALUES (1678319304169553921, 1658842909723631617, 1658842909723631617, '2023-07-10 16:24:38', 1658729760682242049, '2023-07-10 16:24:38', 1658729760682242049, b'1');
INSERT INTO `sys_user_dept` VALUES (1678326655601631233, 1678326654519500801, 1658844394368802817, '2023-07-10 16:53:51', 1658729760682242049, '2023-07-10 16:53:51', 1658729760682242049, b'1');
INSERT INTO `sys_user_dept` VALUES (1678327282599747586, 1678326654519500801, 1658844394368802817, '2023-07-10 16:56:21', 1658729760682242049, '2023-07-10 16:56:21', 1658729760682242049, b'1');
INSERT INTO `sys_user_dept` VALUES (1678327542818562050, 1678326654519500801, 1658844394368802817, '2023-07-10 16:57:23', 1658729760682242049, '2023-07-10 16:57:23', 1658729760682242049, b'1');
INSERT INTO `sys_user_dept` VALUES (1678327576461074434, 1678326654519500801, 1658844394368802817, '2023-07-10 16:57:31', 1658729760682242049, '2023-07-10 16:57:31', 1658729760682242049, b'1');
INSERT INTO `sys_user_dept` VALUES (1678327828698128386, 1678326654519500801, 1658844394368802817, '2023-07-10 16:58:31', 1658729760682242049, '2023-07-10 16:58:31', 1658729760682242049, b'1');
INSERT INTO `sys_user_dept` VALUES (1678327901087621122, 1678326654519500801, 1658844394368802817, '2023-07-10 16:58:48', 1658729760682242049, '2023-07-10 16:58:48', 1658729760682242049, b'1');
INSERT INTO `sys_user_dept` VALUES (1678626654227050497, 1678626652960370690, 1658844394368802817, '2023-07-11 12:45:56', 1658729760682242049, '2023-07-11 12:45:56', 1658729760682242049, b'1');
INSERT INTO `sys_user_dept` VALUES (1678968895709671425, 1678626652960370690, 1658844394368802817, '2023-07-12 11:25:53', 1658729760682242049, '2023-07-12 11:25:53', 1658729760682242049, b'1');
INSERT INTO `sys_user_dept` VALUES (1678969386023809025, 1678626652960370690, 1658844394368802817, '2023-07-12 11:27:50', 1658729760682242049, '2023-07-12 11:27:50', 1658729760682242049, b'1');
INSERT INTO `sys_user_dept` VALUES (1678969532576985089, 1678626652960370690, 1658844394368802817, '2023-07-12 11:28:25', 1658729760682242049, '2023-07-12 11:28:25', 1658729760682242049, b'1');
INSERT INTO `sys_user_dept` VALUES (1678969581075722242, 1678626652960370690, 1658844394368802817, '2023-07-12 11:28:37', 1658729760682242049, '2023-07-12 11:28:37', 1658729760682242049, b'1');
INSERT INTO `sys_user_dept` VALUES (1678969873523568641, 1678626652960370690, 1658844394368802817, '2023-07-12 11:29:46', 1658729760682242049, '2023-07-12 11:29:46', 1658729760682242049, b'1');
INSERT INTO `sys_user_dept` VALUES (1678970297999716354, 1678626652960370690, 1658844394368802817, '2023-07-12 11:31:27', 1658729760682242049, '2023-07-12 11:31:27', 1658729760682242049, b'0');
INSERT INTO `sys_user_dept` VALUES (1678970337644277762, 1658842909723631617, 1658842909723631617, '2023-07-12 11:31:37', 1658729760682242049, '2023-07-12 11:31:37', 1658729760682242049, b'1');
INSERT INTO `sys_user_dept` VALUES (1678972628921344001, 1678972627461726210, 1658844394368802817, '2023-07-12 11:40:43', 1658729760682242049, '2023-07-12 11:40:43', 1658729760682242049, b'0');
INSERT INTO `sys_user_dept` VALUES (1685549400799051778, 1658842909723631617, 1658842909723631617, '2023-07-30 15:14:28', 1658729760682242049, '2023-07-30 15:14:28', 1658729760682242049, b'1');
INSERT INTO `sys_user_dept` VALUES (1685553221638078466, 1658842909723631617, 1658842909723631617, '2023-07-30 15:29:39', 1658729760682242049, '2023-07-30 15:29:39', 1658729760682242049, b'1');
INSERT INTO `sys_user_dept` VALUES (1685553486994915330, 1658842909723631617, 1658842909723631617, '2023-07-30 15:30:42', 1658729760682242049, '2023-07-30 15:30:42', 1658729760682242049, b'1');
INSERT INTO `sys_user_dept` VALUES (1685615798971842562, 1658842909723631617, 1658842909723631617, '2023-07-30 19:38:18', 1658729760682242049, '2023-07-30 19:38:18', 1658729760682242049, b'0');
INSERT INTO `sys_user_dept` VALUES (1685615799357718530, 1658842909723631617, 1658844394368802817, '2023-07-30 19:38:18', 1658729760682242049, '2023-07-30 19:38:18', 1658729760682242049, b'0');
INSERT INTO `sys_user_dept` VALUES (1685624534394318849, 1685624533186359298, 1658842909723631617, '2023-07-30 20:13:01', 1658842909723631617, '2023-07-30 20:13:01', 1658842909723631617, b'0');
INSERT INTO `sys_user_dept` VALUES (1685624534583062530, 1685624533186359298, 1658844394368802817, '2023-07-30 20:13:01', 1658842909723631617, '2023-07-30 20:13:01', 1658842909723631617, b'0');
INSERT INTO `sys_user_dept` VALUES (1685624534901829633, 1685624533186359298, 1679107364561928193, '2023-07-30 20:13:01', 1658842909723631617, '2023-07-30 20:13:01', 1658842909723631617, b'0');
INSERT INTO `sys_user_dept` VALUES (1685628369498038274, 1678326654519500801, 1658844394368802817, '2023-07-30 20:28:15', 1658842909723631617, '2023-07-30 20:28:15', 1658842909723631617, b'1');
INSERT INTO `sys_user_dept` VALUES (1685628412011503617, 1678326654519500801, 1658844394368802817, '2023-07-30 20:28:26', 1658842909723631617, '2023-07-30 20:28:26', 1658842909723631617, b'0');

-- ----------------------------
-- Table structure for sys_user_role
-- ----------------------------
DROP TABLE IF EXISTS `sys_user_role`;
CREATE TABLE `sys_user_role`  (
  `id` bigint NOT NULL,
  `user_id` bigint NULL DEFAULT NULL COMMENT '用户 ID',
  `role_id` bigint NULL DEFAULT NULL COMMENT '角色 ID',
  `create_time` datetime NULL DEFAULT NULL,
  `create_by` bigint NULL DEFAULT NULL,
  `update_time` datetime NULL DEFAULT NULL,
  `update_by` bigint NULL DEFAULT NULL,
  `deleted` bit(1) NULL DEFAULT NULL,
  PRIMARY KEY (`id`) USING BTREE
) ENGINE = InnoDB CHARACTER SET = utf8mb3 COLLATE = utf8mb3_general_ci COMMENT = '用户角色表' ROW_FORMAT = DYNAMIC;

-- ----------------------------
-- Records of sys_user_role
-- ----------------------------
INSERT INTO `sys_user_role` VALUES (1658729760682242046, 1658729760682242049, 1658729760682242048, NULL, NULL, NULL, NULL, b'0');
INSERT INTO `sys_user_role` VALUES (1678317647092297729, 1658844394368802817, 1660819620651950082, '2023-07-10 16:18:03', 1658729760682242049, '2023-07-10 16:18:03', 1658729760682242049, b'1');
INSERT INTO `sys_user_role` VALUES (1678318395003809794, 1658844394368802817, 1660819620651950082, '2023-07-10 16:21:02', 1658729760682242049, '2023-07-10 16:21:02', 1658729760682242049, b'0');
INSERT INTO `sys_user_role` VALUES (1678319303511048194, 1658842909723631617, 1660819620651950082, '2023-07-10 16:24:38', 1658729760682242049, '2023-07-10 16:24:38', 1658729760682242049, b'1');
INSERT INTO `sys_user_role` VALUES (1678326655094120450, 1678326654519500801, 1660819620651950082, '2023-07-10 16:53:51', 1658729760682242049, '2023-07-10 16:53:51', 1658729760682242049, b'1');
INSERT INTO `sys_user_role` VALUES (1678327282012545025, 1678326654519500801, 1660819620651950082, '2023-07-10 16:56:21', 1658729760682242049, '2023-07-10 16:56:21', 1658729760682242049, b'1');
INSERT INTO `sys_user_role` VALUES (1678327542214582274, 1678326654519500801, 1660819620651950082, '2023-07-10 16:57:23', 1658729760682242049, '2023-07-10 16:57:23', 1658729760682242049, b'1');
INSERT INTO `sys_user_role` VALUES (1678327575936786434, 1678326654519500801, 1660819620651950082, '2023-07-10 16:57:31', 1658729760682242049, '2023-07-10 16:57:31', 1658729760682242049, b'1');
INSERT INTO `sys_user_role` VALUES (1678327828173840385, 1678326654519500801, 1660819620651950082, '2023-07-10 16:58:31', 1658729760682242049, '2023-07-10 16:58:31', 1658729760682242049, b'1');
INSERT INTO `sys_user_role` VALUES (1678327900500418561, 1678326654519500801, 1660819620651950082, '2023-07-10 16:58:48', 1658729760682242049, '2023-07-10 16:58:48', 1658729760682242049, b'1');
INSERT INTO `sys_user_role` VALUES (1678626653560156162, 1678626652960370690, 1678413185528426498, '2023-07-11 12:45:56', 1658729760682242049, '2023-07-11 12:45:56', 1658729760682242049, b'1');
INSERT INTO `sys_user_role` VALUES (1678968895164411906, 1678626652960370690, 1678413185528426498, '2023-07-12 11:25:53', 1658729760682242049, '2023-07-12 11:25:53', 1658729760682242049, b'1');
INSERT INTO `sys_user_role` VALUES (1678969385407246337, 1678626652960370690, 1678413185528426498, '2023-07-12 11:27:50', 1658729760682242049, '2023-07-12 11:27:50', 1658729760682242049, b'1');
INSERT INTO `sys_user_role` VALUES (1678969531910090754, 1678626652960370690, 1678413185528426498, '2023-07-12 11:28:25', 1658729760682242049, '2023-07-12 11:28:25', 1658729760682242049, b'1');
INSERT INTO `sys_user_role` VALUES (1678969580484325378, 1678626652960370690, 1678413185528426498, '2023-07-12 11:28:36', 1658729760682242049, '2023-07-12 11:28:36', 1658729760682242049, b'1');
INSERT INTO `sys_user_role` VALUES (1678969872995086337, 1678626652960370690, 1678413185528426498, '2023-07-12 11:29:46', 1658729760682242049, '2023-07-12 11:29:46', 1658729760682242049, b'1');
INSERT INTO `sys_user_role` VALUES (1678970297467039745, 1678626652960370690, 1678413185528426498, '2023-07-12 11:31:27', 1658729760682242049, '2023-07-12 11:31:27', 1658729760682242049, b'0');
INSERT INTO `sys_user_role` VALUES (1678970337115795457, 1658842909723631617, 1660819620651950082, '2023-07-12 11:31:37', 1658729760682242049, '2023-07-12 11:31:37', 1658729760682242049, b'1');
INSERT INTO `sys_user_role` VALUES (1678972628057317378, 1678972627461726210, 1678413185528426498, '2023-07-12 11:40:43', 1658729760682242049, '2023-07-12 11:40:43', 1658729760682242049, b'0');
INSERT INTO `sys_user_role` VALUES (1685549399989551105, 1658842909723631617, 1660819620651950082, '2023-07-30 15:14:28', 1658729760682242049, '2023-07-30 15:14:28', 1658729760682242049, b'1');
INSERT INTO `sys_user_role` VALUES (1685549400073437186, 1658842909723631617, 1678413185528426498, '2023-07-30 15:14:28', 1658729760682242049, '2023-07-30 15:14:28', 1658729760682242049, b'1');
INSERT INTO `sys_user_role` VALUES (1685553220744691713, 1658842909723631617, 1660819620651950082, '2023-07-30 15:29:39', 1658729760682242049, '2023-07-30 15:29:39', 1658729760682242049, b'1');
INSERT INTO `sys_user_role` VALUES (1685553220774051841, 1658842909723631617, 1678413185528426498, '2023-07-30 15:29:39', 1658729760682242049, '2023-07-30 15:29:39', 1658729760682242049, b'1');
INSERT INTO `sys_user_role` VALUES (1685553486277689346, 1658842909723631617, 1660819620651950082, '2023-07-30 15:30:42', 1658729760682242049, '2023-07-30 15:30:42', 1658729760682242049, b'1');
INSERT INTO `sys_user_role` VALUES (1685553486277689347, 1658842909723631617, 1678413185528426498, '2023-07-30 15:30:42', 1658729760682242049, '2023-07-30 15:30:42', 1658729760682242049, b'1');
INSERT INTO `sys_user_role` VALUES (1685615798053289985, 1658842909723631617, 1660819620651950082, '2023-07-30 19:38:18', 1658729760682242049, '2023-07-30 19:38:18', 1658729760682242049, b'0');
INSERT INTO `sys_user_role` VALUES (1685615798053289986, 1658842909723631617, 1678413185528426498, '2023-07-30 19:38:18', 1658729760682242049, '2023-07-30 19:38:18', 1658729760682242049, b'0');
INSERT INTO `sys_user_role` VALUES (1685624533802921985, 1685624533186359298, 1660819620651950082, '2023-07-30 20:13:01', 1658842909723631617, '2023-07-30 20:13:01', 1658842909723631617, b'0');
INSERT INTO `sys_user_role` VALUES (1685628368738869249, 1678326654519500801, 1660819620651950082, '2023-07-30 20:28:15', 1658842909723631617, '2023-07-30 20:28:15', 1658842909723631617, b'1');
INSERT INTO `sys_user_role` VALUES (1685628411357192194, 1678326654519500801, 1660819620651950082, '2023-07-30 20:28:25', 1658842909723631617, '2023-07-30 20:28:25', 1658842909723631617, b'0');

SET FOREIGN_KEY_CHECKS = 1;
